"RegionName","City","State","Metro","CountyName","2010-11","2010-12","2011-01","2011-02","2011-03","2011-04","2011-05","2011-06","2011-07","2011-08","2011-09","2011-10","2011-11","2011-12","2012-01","2012-02","2012-03","2012-04","2012-05","2012-06","2012-07","2012-08","2012-09","2012-10","2012-11","2012-12","2013-01","2013-02","2013-03","2013-04","2013-05","2013-06","2013-07","2013-08","2013-09","2013-10","2013-11","2013-12","2014-01","2014-02","2014-03","2014-04","2014-05","2014-06","2014-07","2014-08","2014-09","2014-10","2014-11","2014-12","2015-01","2015-02","2015-03","2015-04","2015-05","2015-06","2015-07"
15601,Greensburg,PA,Pittsburgh,Westmoreland,925,920,945,961,981,956,934,905,915,912,923,926,935,941,974,982,992,989,1004,1009,991,914,877,894,895,859,808,801,835,920,916,910,865,906,878,889,895,960,943,919,869,867,942,1002,1105,1084,1149,1125,1132,1113,1141,1162,1170,1124,1071,1054,1020
15642,North Huntingdon,PA,Pittsburgh,Westmoreland,922,930,965,981,998,965,939,912,923,926,922,929,950,972,1003,1013,1021,1031,1049,1054,1024,939,896,925,929,892,819,809,831,911,893,883,833,889,894,912,934,977,966,932,894,884,969,1012,1120,1105,1156,1103,1084,1056,1094,1125,1134,1093,1043,1038,1008
15237,Ross Township,PA,Pittsburgh,Allegheny,1319,1329,1306,1342,1390,1428,1389,1349,1320,1327,1361,1406,1447,1488,1526,1544,1523,1515,1538,1554,1555,1546,1543,1533,1527,1521,1534,1534,1556,1578,1614,1615,1615,1619,1619,1624,1637,1633,1629,1610,1595,1589,1598,1624,1653,1691,1679,1657,1634,1622,1624,1619,1614,1598,1591,1601,1617
16001,Butler Township,PA,Pittsburgh,Butler,886,900,917,903,897,913,931,940,921,919,937,954,1016,1066,1125,1120,1086,1083,1096,1135,1143,1157,1160,1178,1242,1273,1271,1227,1196,1198,1202,1209,1188,1169,1164,1165,1133,1073,1012,1074,1129,1152,1159,1128,1149,1183,1181,1160,1073,1061,1076,1103,1142,1125,1102,1086,1107
15108,Moon Township,PA,Pittsburgh,Allegheny,1239,1277,1271,1271,1257,1257,1230,1219,1206,1220,1256,1286,1300,1308,1347,1378,1375,1374,1385,1398,1405,1417,1418,1398,1387,1370,1360,1369,1421,1483,1530,1525,1511,1502,1499,1510,1527,1516,1510,1495,1483,1451,1440,1447,1459,1465,1441,1433,1434,1435,1432,1419,1405,1385,1372,1374,1387
15068,New Kensington,PA,Pittsburgh,Westmoreland,904,894,912,919,941,926,917,902,904,917,904,891,881,903,945,960,962,954,940,931,902,868,832,873,874,843,767,752,777,854,847,849,811,847,823,845,872,930,911,887,855,844,907,904,985,951,1026,968,955,912,953,975,960,912,878,903,887
15235,Penn Hills,PA,Pittsburgh,Allegheny,930,931,898,847,846,840,841,828,848,861,867,841,813,813,828,843,832,844,863,885,877,881,880,893,894,891,894,911,914,907,888,875,859,857,860,874,885,900,925,949,968,975,977,975,975,988,988,994,987,979,968,964,960,957,961,972,986
15317,North Strabane Township,PA,Pittsburgh,Washington,1357,1394,1385,1375,1362,1292,1264,1257,1326,1314,1332,1353,1411,1448,1492,1576,1644,1814,1843,1799,1692,1677,1702,1670,1607,1548,1596,1559,1570,1584,1677,1797,1828,1796,1791,1704,1719,1747,1738,1745,1713,1700,1691,1711,1742,1780,1779,1922,1942,1948,1910,1909,1924,1859,1814,1760,1786
15221,Wilkinsburg,PA,Pittsburgh,Allegheny,967,947,910,848,821,805,806,808,837,839,847,825,802,800,806,821,818,824,834,850,843,850,850,863,851,853,863,886,907,920,913,896,869,862,866,883,885,906,926,941,951,958,962,963,968,978,976,974,956,955,955,962,960,949,943,944,953
15206,Pittsburgh,PA,Pittsburgh,Allegheny,1027,1020,978,915,879,849,861,867,910,889,880,848,844,864,890,911,911,905,893,893,917,971,1018,1049,1041,1041,1060,1090,1104,1123,1118,1118,1082,1072,1071,1086,1082,1078,1079,1085,1106,1132,1156,1169,1163,1155,1136,1140,1123,1130,1137,1152,1165,1169,1166,1161,1156
15401,Uniontown,PA,Pittsburgh,Fayette,914,908,913,937,956,964,947,921,905,895,910,925,943,958,972,980,980,989,1003,1025,1031,1026,1015,1006,1002,998,989,976,969,969,979,993,1002,1001,995,989,984,984,982,979,978,977,979,985,1000,1004,1013,1019,1026,1027,1027,1022,1023,1016,1016,1003,995
15001,Hopewell Township,PA,Pittsburgh,Beaver,938,950,966,971,945,901,865,840,836,848,866,887,918,965,1004,1039,1044,1066,1083,1101,1092,1078,1059,1040,1027,1018,1004,976,969,985,1027,1053,1061,1056,1065,1085,1098,1109,1101,1101,1089,1077,1063,1057,1067,1076,1069,1048,1015,954,925,917,961,978,965,937,919
15212,Pittsburgh,PA,Pittsburgh,Allegheny,1032,1020,969,880,828,789,790,781,811,802,801,771,752,752,760,780,787,797,800,813,814,834,843,859,843,846,858,887,910,926,919,903,872,873,878,897,896,913,939,962,979,991,995,998,991,1000,993,993,965,951,948,953,951,943,942,948,958
15236,Baldwin Township,PA,Pittsburgh,Allegheny,1114,1084,1063,1050,1047,1026,1027,1055,1101,1138,1164,1172,1149,1147,1134,1102,1065,1086,1126,1167,1163,1138,1108,1097,1104,1139,1160,1183,1230,1260,1252,1183,1135,1115,1137,1156,1159,1165,1182,1204,1208,1196,1184,1198,1213,1236,1234,1233,1205,1206,1217,1231,1231,1221,1210,1211,1220
15146,Monroeville,PA,Pittsburgh,Allegheny,1023,1026,990,960,964,958,964,964,998,981,964,920,923,954,1001,1014,1005,1032,1075,1101,1080,1055,1053,1065,1073,1070,1076,1096,1120,1131,1115,1086,1061,1062,1086,1126,1143,1143,1142,1141,1131,1117,1111,1137,1173,1219,1228,1231,1201,1181,1175,1184,1195,1193,1186,1177,1173
15227,Baldwin Township,PA,Pittsburgh,Allegheny,987,1002,987,938,924,908,899,874,875,881,900,900,891,873,865,862,857,906,966,1029,1034,1016,996,978,972,969,974,991,1001,993,970,942,928,933,954,982,996,1007,1015,1023,1018,1003,993,997,1009,1022,1015,1018,1013,1016,1033,1063,1086,1083,1072,1068,1076
15102,Bethel Park,PA,Pittsburgh,Allegheny,1234,1256,1294,1321,1308,1264,1223,1233,1241,1249,1247,1264,1308,1331,1335,1325,1306,1313,1317,1303,1320,1375,1434,1449,1456,1451,1449,1467,1529,1572,1590,1544,1499,1477,1452,1439,1430,1406,1413,1434,1459,1477,1496,1521,1536,1550,1528,1522,1526,1530,1503,1464,1418,1406,1420,1460,1479
15217,Pittsburgh,PA,Pittsburgh,Allegheny,1323,1348,1354,1408,1426,1439,1378,1372,1370,1442,1487,1519,1574,1595,1585,1527,1503,1569,1665,1717,1704,1701,1709,1726,1726,1724,1742,1763,1772,1748,1734,1711,1714,1741,1744,1752,1759,1767,1804,1855,1906,1903,1901,1873,1884,1908,1894,1879,1879,1885,1885,1875,1868,1866,1891,1944,1990
15010,Chippewa Township,PA,Pittsburgh,Beaver,962,964,965,960,935,895,862,833,825,825,832,850,878,933,976,1010,1017,1031,1046,1067,1072,1063,1050,1036,1024,1007,989,960,959,978,1021,1049,1058,1054,1073,1104,1115,1116,1100,1089,1072,1062,1054,1054,1060,1059,1049,1014,973,929,922,936,973,988,966,929,903
15213,Pittsburgh,PA,Pittsburgh,Allegheny,1217,1189,1133,1056,1023,989,983,974,996,962,969,963,961,981,1000,1009,980,999,1045,1116,1152,1187,1202,1207,1189,1210,1250,1294,1322,1335,1316,1302,1286,1301,1313,1328,1309,1290,1276,1276,1307,1333,1347,1333,1312,1292,1281,1292,1281,1297,1318,1349,1364,1351,1326,1307,1304
15205,Pittsburgh,PA,Pittsburgh,Allegheny,1110,1090,1044,971,934,899,889,879,896,882,889,880,881,893,911,916,911,947,989,1025,1026,1025,1019,1002,968,966,977,1004,1027,1048,1058,1062,1054,1043,1052,1085,1093,1109,1109,1120,1131,1130,1118,1108,1115,1138,1146,1156,1129,1131,1153,1188,1205,1192,1171,1161,1159
15210,Pittsburgh,PA,Pittsburgh,Allegheny,994,990,954,869,814,775,775,770,791,788,796,789,769,760,756,772,778,789,783,800,796,817,821,831,814,813,824,846,868,885,888,872,852,838,837,842,841,857,876,898,905,907,906,909,908,908,901,895,872,864,863,876,885,883,880,875,875
15216,Pittsburgh,PA,Pittsburgh,Allegheny,1021,1018,989,922,885,850,841,827,851,854,871,873,860,849,842,842,843,894,955,1000,997,982,983,973,959,959,970,992,1005,1009,991,979,970,968,970,983,988,1003,1016,1030,1039,1037,1033,1036,1043,1058,1058,1072,1061,1073,1098,1137,1161,1155,1137,1130,1132
15044,Richland Township,PA,Pittsburgh,Allegheny,1506,1470,1436,1464,1519,1572,1561,1547,1508,1501,1499,1531,1562,1649,1726,1783,1786,1788,1828,1862,1880,1869,1853,1830,1788,1768,1767,1779,1799,1824,1848,1862,1880,1920,1958,1975,1994,1999,1993,1952,1919,1885,1875,1860,1864,1882,1887,1887,1881,1874,1868,1844,1835,1825,1815,1816,1836
15101,Hampton Township,PA,Pittsburgh,Allegheny,1450,1408,1375,1419,1484,1545,1507,1474,1425,1420,1436,1479,1528,1611,1675,1694,1663,1632,1651,1670,1680,1663,1646,1637,1616,1620,1628,1627,1643,1662,1708,1728,1759,1785,1805,1802,1796,1778,1760,1733,1715,1701,1696,1697,1708,1735,1732,1717,1687,1681,1681,1676,1673,1668,1665,1669,1675
15136,Stowe Township,PA,Pittsburgh,Allegheny,1074,1047,1003,932,899,860,853,845,871,869,879,861,844,853,878,894,896,909,919,927,930,948,948,944,918,923,930,950,956,969,960,953,921,914,923,956,966,982,991,1011,1031,1049,1057,1057,1056,1070,1060,1054,1021,1017,1018,1028,1032,1027,1027,1034,1043
15202,Bellevue,PA,Pittsburgh,Allegheny,1067,1051,1016,953,929,893,881,849,865,858,877,869,853,855,863,873,869,892,911,946,968,989,985,967,946,954,973,998,1003,1023,1031,1041,1018,1003,1011,1042,1053,1061,1057,1067,1095,1115,1130,1127,1123,1126,1120,1132,1122,1127,1144,1165,1168,1146,1122,1119,1123
15132,McKeesport,PA,Pittsburgh,Allegheny,858,850,824,752,702,672,684,699,724,748,757,742,695,676,671,682,683,685,673,673,670,667,667,680,692,717,742,769,784,775,765,753,749,737,737,743,738,739,742,760,781,808,820,821,810,796,792,790,776,771,767,774,775,777,771,763,753
15122,West Mifflin,PA,Pittsburgh,Allegheny,873,881,877,838,821,797,787,775,800,812,829,817,807,797,792,794,793,824,860,898,892,884,876,884,883,883,889,905,916,908,887,862,846,837,841,855,863,873,876,883,887,896,906,914,925,925,921,917,910,907,912,927,934,927,917,911,904
15120,Munhall,PA,Pittsburgh,Allegheny,916,901,885,828,803,774,766,754,775,789,799,787,765,767,765,776,776,798,819,853,855,857,855,863,856,857,863,879,889,888,873,855,838,825,825,833,830,837,839,849,860,872,882,885,884,875,871,871,863,867,874,889,891,882,872,865,862
15106,Carnegie,PA,Pittsburgh,Allegheny,1034,1038,1005,938,909,887,882,875,890,903,936,949,944,946,968,989,986,1008,1042,1070,1066,1047,1031,1014,997,996,997,1011,1022,1033,1028,1019,1006,1003,1006,1023,1028,1039,1045,1055,1069,1079,1090,1094,1104,1120,1119,1122,1098,1098,1114,1149,1167,1158,1135,1130,1138
15425,Connellsville Township,PA,Pittsburgh,Fayette,901,911,919,927,927,920,909,887,878,871,891,907,926,942,959,971,977,983,989,1009,1020,1017,1006,999,994,986,975,967,969,979,994,1008,1019,1013,1006,994,985,978,972,969,968,971,975,981,991,986,993,1003,1013,1013,1014,1014,1019,1015,1009,994,976
15239,Plum,PA,Pittsburgh,Allegheny,1055,1059,1022,984,978,962,965,969,1014,1003,1008,964,960,973,1019,1038,1037,1071,1115,1138,1110,1079,1061,1075,1083,1096,1107,1129,1162,1178,1165,1130,1114,1113,1141,1174,1181,1174,1168,1170,1157,1139,1129,1161,1199,1239,1241,1252,1230,1222,1220,1227,1234,1235,1231,1225,1210
15090,Wexford,PA,Pittsburgh,Allegheny,1675,1766,1857,1934,1908,1876,1875,1897,1911,2073,2170,2259,2231,2237,2263,2289,2315,2360,2405,2419,2413,2389,2406,2435,2502,2467,2404,2366,2407,2446,2445,2408,2404,2396,2376,2338,2368,2375,2401,2425,2457,2478,2492,2508,2514,2478,2425,2389,2429,2436,2434,2417,2389,2359,2351,2379,2409
15143,Franklin Park,PA,Pittsburgh,Allegheny,1561,1596,1628,1676,1676,1684,1683,1692,1680,1720,1758,1815,1863,1894,1926,1933,1951,1964,2035,2090,2117,2058,2013,1995,2000,1975,1949,1944,1971,2028,2042,2054,2056,2094,2134,2143,2150,2151,2176,2195,2197,2164,2136,2108,2125,2133,2137,2126,2134,2144,2130,2112,2105,2101,2084,2067,2064
15220,Pittsburgh,PA,Pittsburgh,Allegheny,1125,1099,1068,1030,1032,1017,1020,1026,1055,1081,1101,1105,1083,1085,1092,1077,1051,1074,1117,1161,1155,1128,1103,1098,1104,1130,1149,1176,1198,1207,1190,1154,1135,1126,1152,1172,1170,1170,1165,1178,1180,1182,1179,1189,1200,1212,1206,1201,1177,1186,1208,1234,1245,1234,1221,1207,1208
15644,Jeannette,PA,Pittsburgh,Westmoreland,884,893,918,930,944,923,912,874,876,897,898,884,862,872,902,910,919,921,917,903,875,839,803,832,823,787,724,721,763,829,824,822,799,806,785,752,788,836,870,874,832,814,853,889,941,934,989,1002,1018,983,956,931,907,874,855,870,866
15147,Penn Hills,PA,Pittsburgh,Allegheny,904,906,883,835,824,810,810,798,821,828,838,813,795,793,801,812,804,825,844,866,854,863,864,881,881,880,882,896,902,896,877,863,846,851,852,865,871,884,908,932,953,960,959,956,954,964,959,961,953,945,936,933,929,925,929,943,958
15241,Upper Saint Clair,PA,Pittsburgh,Allegheny,1636,1704,1782,1856,1817,1811,1801,1809,1784,1855,1892,1919,1932,1930,1937,1945,1972,1999,2063,2126,2179,2203,2245,2272,2301,2232,2174,2154,2247,2342,2359,2297,2237,2240,2208,2193,2243,2303,2346,2357,2316,2238,2197,2189,2209,2199,2184,2173,2202,2191,2167,2137,2125,2115,2118,2149,2190
16201,Kittanning Township,PA,Pittsburgh,Armstrong,929,936,941,946,944,940,933,928,927,952,973,995,1001,1009,1015,1020,1019,1015,1007,1003,1002,1004,1002,1002,1008,1016,1022,1027,1026,1021,1013,1008,1007,1014,1023,1025,1026,1018,1017,1019,1039,1068,1101,1117,1123,1119,1104,1092,1086,1090,1092,1093,1092,1089,1096,1105,1114
15228,Mount Lebanon,PA,Pittsburgh,Allegheny,1311,1382,1445,1509,1499,1479,1441,1417,1389,1366,1380,1404,1482,1479,1452,1405,1388,1413,1445,1516,1578,1659,1689,1697,1718,1695,1693,1699,1716,1728,1742,1723,1699,1693,1691,1712,1749,1772,1789,1814,1838,1840,1855,1847,1854,1864,1851,1826,1825,1796,1783,1773,1791,1802,1809,1814,1824
15017,South Fayette Township,PA,Pittsburgh,Allegheny,1139,1146,1148,1154,1135,1115,1113,1131,1145,1157,1180,1202,1205,1231,1259,1273,1246,1215,1204,1207,1210,1211,1193,1178,1182,1189,1198,1206,1253,1293,1304,1271,1249,1244,1248,1247,1248,1234,1222,1223,1247,1278,1289,1303,1302,1333,1338,1347,1339,1333,1325,1316,1304,1298,1309,1326,1348
15025,Clairton,PA,Pittsburgh,Allegheny,908,896,880,825,795,763,760,755,780,797,813,799,770,762,763,772,771,794,799,818,805,806,802,812,810,819,825,840,850,849,838,820,808,795,797,809,810,817,816,825,838,856,873,883,886,875,866,860,847,849,857,873,875,862,851,843,840
15012,Rostraver Township,PA,Pittsburgh,Westmoreland,947,938,958,971,972,938,901,858,860,881,897,890,894,920,960,972,971,952,942,927,911,873,855,885,877,845,789,780,812,888,916,926,888,884,850,851,867,920,923,909,876,866,906,956,1023,1026,1066,1037,1026,984,984,985,992,978,957,950,934
15218,Swissvale,PA,Pittsburgh,Allegheny,1010,985,947,879,845,829,848,867,910,913,911,886,865,877,889,908,913,920,927,931,921,931,945,962,951,954,972,1006,1033,1050,1040,1016,978,967,978,1003,1007,1023,1036,1047,1055,1064,1075,1093,1105,1123,1118,1115,1091,1097,1102,1114,1117,1111,1100,1098,1110
15234,Castle Shannon,PA,Pittsburgh,Allegheny,1013,1029,1020,1001,997,978,962,940,954,971,997,999,981,949,924,899,882,941,1014,1085,1085,1055,1028,1009,1020,1030,1039,1046,1048,1034,1007,977,969,978,1002,1028,1051,1064,1076,1087,1091,1082,1079,1082,1089,1094,1087,1092,1089,1092,1117,1154,1182,1173,1153,1145,1150
15009,Brighton Township,PA,Pittsburgh,Beaver,987,994,995,989,962,910,871,843,838,850,860,882,908,971,1033,1093,1117,1168,1200,1221,1205,1196,1194,1191,1193,1177,1134,1054,1033,1055,1122,1158,1181,1197,1219,1238,1246,1253,1264,1283,1282,1253,1224,1214,1206,1204,1183,1152,1104,1049,1028,1048,1079,1091,1056,1023,1021
15232,Pittsburgh,PA,Pittsburgh,Allegheny,1540,1556,1619,1735,1751,1701,1646,1648,1667,1758,1812,1884,1928,1948,1912,1808,1745,1796,1894,1987,1995,1935,1886,1858,1857,1857,1866,1891,1968,1989,1973,1896,1888,1911,1955,1987,2026,2043,2074,2118,2158,2174,2178,2186,2221,2246,2247,2220,2231,2245,2249,2240,2223,2238,2260,2291,2291
15226,Pittsburgh,PA,Pittsburgh,Allegheny,973,974,952,890,851,813,799,786,812,818,836,836,827,813,799,802,804,853,904,955,950,945,932,926,912,913,922,943,955,948,924,900,884,885,896,915,924,944,963,983,996,998,999,997,999,1009,1006,1006,989,988,1000,1021,1039,1035,1027,1023,1027
15214,Pittsburgh,PA,Pittsburgh,Allegheny,1059,1040,984,903,859,820,810,792,826,818,826,800,785,784,793,808,811,826,833,858,860,878,877,885,867,874,890,919,938,957,957,943,908,904,913,937,934,949,971,994,1016,1027,1033,1035,1033,1044,1037,1038,1009,1003,1006,1011,1007,998,996,999,1004
15201,Pittsburgh,PA,Pittsburgh,Allegheny,964,964,947,900,856,815,809,799,829,819,803,767,756,766,777,791,793,798,801,819,842,890,926,949,945,938,937,948,963,986,991,983,942,928,927,953,982,1003,1020,1041,1073,1104,1123,1133,1133,1140,1140,1144,1127,1115,1116,1127,1132,1126,1121,1127,1136
15229,Ross Township,PA,Pittsburgh,Allegheny,1079,1058,1032,1014,1026,1028,1029,1012,1017,1037,1077,1081,1056,1052,1067,1060,1046,1038,1065,1107,1134,1119,1084,1078,1091,1127,1151,1180,1193,1209,1193,1175,1159,1154,1187,1207,1212,1203,1184,1172,1166,1172,1185,1200,1208,1210,1190,1186,1171,1186,1206,1229,1240,1238,1228,1218,1209
16046,Mars,PA,Pittsburgh,Butler,1011,990,977,990,1067,1080,1120,1074,1081,1084,1099,1162,1204,1358,1489,1651,1755,1820,1889,1850,1867,1833,1876,1963,2036,2126,2103,2065,2054,2011,2015,1966,2000,2003,2014,1956,1955,1950,2005,1979,2023,2158,2204,2378,2432,2580,2605,2609,2570,2465,2438,2459,2376,2338,2311,2378,2368
15116,Shaler Township,PA,Pittsburgh,Allegheny,1200,1210,1187,1210,1239,1279,1254,1230,1216,1237,1278,1312,1330,1341,1361,1370,1352,1338,1348,1354,1355,1370,1381,1377,1367,1359,1368,1384,1435,1482,1530,1525,1510,1498,1484,1484,1498,1502,1515,1505,1477,1437,1421,1438,1455,1471,1446,1430,1420,1423,1421,1402,1382,1365,1360,1372,1393
16002,Summit Township,PA,Pittsburgh,Butler,1042,995,991,989,1014,1024,1020,979,945,950,1003,1024,1069,1107,1185,1193,1215,1224,1246,1269,1288,1305,1317,1363,1441,1496,1494,1440,1422,1409,1416,1390,1367,1357,1392,1363,1340,1259,1222,1228,1264,1259,1257,1314,1377,1443,1378,1375,1256,1341,1355,1457,1441,1495,1521,1551,1566
15238,O'Hara Township,PA,Pittsburgh,Allegheny,1568,1634,1727,1880,1908,1922,1906,1923,1929,2094,2185,2276,2258,2283,2291,2266,2254,2276,2350,2410,2420,2367,2342,2345,2398,2358,2305,2272,2314,2353,2349,2291,2275,2266,2258,2238,2302,2322,2358,2367,2390,2379,2360,2346,2358,2356,2337,2301,2330,2331,2323,2297,2265,2249,2262,2301,2329
15211,Pittsburgh,PA,Pittsburgh,Allegheny,1087,1067,1016,933,869,807,798,804,856,847,849,832,819,821,830,845,840,873,894,919,894,903,917,938,920,934,958,998,1039,1065,1071,1059,1036,1025,1020,1029,1020,1034,1053,1068,1079,1077,1061,1059,1069,1100,1108,1112,1083,1081,1083,1097,1119,1130,1139,1134,1138
15613,Washington Township,PA,Pittsburgh,Westmoreland,990,977,1004,1025,1043,1034,1038,1026,1024,1019,1023,1040,1043,1048,1048,1039,1034,1026,1011,1006,980,936,895,896,890,852,801,788,831,892,889,868,843,874,880,885,898,938,937,927,903,911,963,985,1048,1037,1068,1041,1039,1045,1079,1094,1062,1007,969,988,982
15243,Mount Lebanon,PA,Pittsburgh,Allegheny,1274,1319,1351,1365,1355,1335,1301,1296,1285,1294,1301,1328,1379,1388,1380,1364,1342,1341,1345,1350,1386,1460,1521,1530,1534,1528,1547,1579,1606,1613,1611,1579,1538,1517,1493,1493,1501,1489,1490,1506,1548,1588,1630,1648,1651,1656,1627,1607,1606,1596,1574,1551,1529,1520,1528,1557,1584
15061,Center Township,PA,Pittsburgh,Beaver,947,955,965,967,944,897,860,834,835,849,861,875,900,949,992,1031,1041,1069,1092,1114,1105,1090,1075,1058,1052,1040,1024,987,979,993,1033,1058,1068,1070,1087,1112,1127,1137,1133,1134,1123,1115,1107,1105,1102,1106,1095,1077,1038,985,955,957,993,1005,984,951,941
15057,Mc Donald,PA,Pittsburgh,Washington,1213,1217,1201,1164,1125,1074,1074,1078,1120,1118,1171,1209,1220,1226,1239,1312,1348,1413,1421,1406,1409,1393,1430,1401,1374,1346,1381,1355,1361,1358,1393,1431,1456,1440,1385,1339,1333,1420,1423,1440,1458,1480,1480,1537,1532,1542,1545,1622,1629,1598,1600,1608,1625,1626,1621,1566,1536
15209,Shaler Township,PA,Pittsburgh,Allegheny,1077,1056,1016,971,961,945,958,962,998,1021,1058,1056,1023,1029,1052,1061,1044,1032,1047,1076,1102,1097,1077,1074,1079,1104,1122,1143,1158,1183,1172,1151,1113,1100,1123,1155,1165,1164,1165,1172,1184,1193,1197,1207,1208,1218,1199,1190,1160,1168,1183,1207,1222,1232,1226,1219,1211
15215,O'Hara Township,PA,Pittsburgh,Allegheny,1208,1215,1202,1188,1204,1202,1191,1181,1195,1242,1289,1328,1331,1334,1324,1323,1310,1346,1384,1414,1403,1401,1409,1417,1420,1442,1483,1521,1540,1543,1549,1532,1516,1503,1500,1508,1523,1523,1534,1536,1539,1535,1537,1550,1575,1596,1575,1549,1534,1540,1545,1554,1561,1558,1552,1563,1580
15066,New Brighton,PA,Pittsburgh,Beaver,904,907,913,921,906,880,840,807,797,806,822,836,852,886,921,951,957,951,947,969,979,969,942,934,931,923,901,863,864,895,959,982,973,949,956,979,986,983,966,952,934,910,893,890,918,923,926,895,865,837,832,849,874,897,886,862,832
15219,Pittsburgh,PA,Pittsburgh,Allegheny,1093,1077,1036,974,923,861,839,824,862,845,847,821,816,827,848,866,854,853,853,888,906,953,973,989,968,971,986,1015,1045,1089,1110,1118,1084,1082,1079,1092,1086,1088,1089,1099,1131,1156,1162,1139,1113,1100,1093,1100,1083,1081,1081,1080,1078,1063,1056,1050,1058
15224,Pittsburgh,PA,Pittsburgh,Allegheny,1007,1008,985,929,878,830,826,823,865,829,807,760,761,767,776,787,790,799,808,830,854,906,939,962,948,948,953,969,986,1019,1025,1020,976,973,987,1022,1044,1055,1072,1094,1124,1148,1166,1178,1181,1184,1180,1190,1179,1175,1178,1194,1210,1204,1191,1184,1185
15065,Harrison Township,PA,Pittsburgh,Allegheny,927,943,910,866,862,855,854,843,852,832,838,819,824,840,884,920,926,932,938,933,915,921,935,964,969,954,943,940,937,944,952,980,1026,1077,1085,1068,1044,1045,1063,1078,1086,1084,1071,1052,1025,1011,994,1012,1020,1011,998,996,998,1002,1011,1023,1019
15003,Ambridge,PA,Pittsburgh,Beaver,859,863,864,864,860,858,856,834,817,812,837,851,871,894,941,971,970,937,908,911,914,916,891,886,878,876,851,820,814,842,882,903,902,898,904,925,939,940,926,917,906,891,882,884,909,918,912,881,846,822,816,834,859,885,885,873,856
15207,Pittsburgh,PA,Pittsburgh,Allegheny,957,934,907,848,819,786,782,771,795,794,803,790,768,771,773,786,787,810,825,860,857,867,863,872,861,866,874,891,908,917,907,884,862,851,859,875,875,887,895,907,913,920,927,935,943,939,933,927,910,909,915,927,928,917,907,898,892
16057,Slippery Rock Township,PA,Pittsburgh,Butler,993,1017,1038,1037,1047,1036,1035,1005,991,989,1000,1008,1068,1126,1202,1231,1234,1238,1252,1283,1291,1290,1256,1262,1338,1399,1406,1362,1337,1316,1310,1293,1287,1287,1285,1269,1234,1192,1164,1205,1242,1341,1346,1391,1360,1439,1485,1507,1444,1369,1321,1330,1343,1302,1324,1312,1379
15137,North Versailles,PA,Pittsburgh,Allegheny,848,853,847,812,782,762,758,758,775,782,784,765,748,745,745,751,754,765,779,798,802,814,825,846,851,850,849,858,869,869,856,839,825,808,801,802,804,805,808,817,834,852,865,867,868,867,868,870,869,872,879,889,890,882,875,877,875
15129,South Park,PA,Pittsburgh,Allegheny,1149,1169,1179,1188,1159,1121,1106,1135,1170,1182,1173,1174,1203,1249,1288,1294,1287,1283,1287,1278,1290,1325,1369,1378,1359,1326,1305,1313,1368,1404,1413,1357,1310,1275,1260,1261,1264,1249,1246,1255,1260,1272,1269,1295,1303,1328,1318,1317,1315,1318,1313,1298,1286,1295,1316,1345,1353
15071,North Fayette Township,PA,Pittsburgh,Allegheny,1219,1253,1252,1247,1212,1185,1159,1176,1187,1181,1190,1199,1225,1246,1281,1299,1290,1277,1277,1281,1313,1353,1384,1382,1368,1343,1330,1343,1409,1472,1508,1486,1454,1428,1411,1414,1421,1409,1401,1395,1391,1388,1392,1403,1402,1403,1392,1393,1394,1392,1394,1385,1373,1362,1356,1355,1356
15037,Elizabeth Township,PA,Pittsburgh,Allegheny,882,892,884,849,844,835,832,823,844,856,867,847,860,860,869,862,863,887,918,934,924,920,921,933,927,920,919,934,935,927,909,892,876,876,882,908,928,951,960,971,968,969,973,984,998,1021,1015,1008,979,966,971,999,1020,1026,1027,1038,1046
15656,Allegheny Township,PA,Pittsburgh,Westmoreland,983,962,973,998,1021,1016,1011,991,995,999,1001,1019,1012,1025,1026,1020,1013,1001,984,976,948,914,880,886,880,858,819,807,840,889,885,866,842,870,873,875,891,929,937,926,902,906,959,986,1042,1027,1054,1024,1015,1004,1028,1037,1013,972,943,962,953
15084,Tarentum,PA,Pittsburgh,Allegheny,917,934,907,858,852,841,836,819,827,818,849,845,847,837,864,885,872,875,885,899,876,866,851,871,883,891,892,904,917,931,932,942,981,1036,1050,1032,1000,996,1003,1015,1022,1021,1014,1001,980,960,938,948,952,946,939,943,945,940,943,948,945
15005,Economy,PA,Pittsburgh,Beaver,976,992,999,1013,1011,1003,993,970,959,985,1029,1053,1065,1088,1132,1175,1178,1178,1172,1170,1163,1160,1136,1121,1130,1145,1135,1089,1069,1074,1105,1117,1129,1149,1155,1163,1173,1189,1197,1208,1200,1185,1165,1157,1142,1155,1133,1119,1089,1024,983,972,1007,1032,1039,1052,1065
15104,North Braddock,PA,Pittsburgh,Allegheny,893,876,844,764,719,697,711,718,732,725,716,694,675,677,682,693,691,689,679,685,688,702,714,731,723,732,747,775,794,794,787,778,774,769,769,774,757,757,760,780,799,819,825,824,813,804,803,805,792,790,790,797,796,793,785,778,772
15074,Rochester Township,PA,Pittsburgh,Beaver,902,905,908,913,902,884,855,827,818,822,837,849,866,895,923,943,936,920,908,933,945,945,922,919,916,909,888,854,858,888,942,957,944,921,931,956,966,968,954,945,929,910,899,900,929,933,930,895,863,836,840,862,894,916,908,885,854
15131,White Oak,PA,Pittsburgh,Allegheny,890,901,893,851,839,817,803,790,810,825,832,811,801,791,792,797,797,825,859,888,887,885,889,902,903,900,900,912,915,908,890,870,850,838,836,850,866,884,890,901,904,912,920,927,940,954,956,960,950,944,951,972,987,988,987,996,997
15690,Vandergrift,PA,Pittsburgh,Westmoreland,944,953,963,966,973,939,921,897,904,932,927,909,862,849,858,861,857,837,811,794,775,767,737,729,729,728,728,737,767,823,835,838,797,771,746,749,795,826,843,847,825,820,861,879,930,919,971,982,992,951,897,862,839,825,803,810,801
15417,Brownsville Township,PA,Pittsburgh,Fayette,871,896,908,910,905,873,836,793,791,787,808,825,852,873,890,896,885,938,998,1082,1077,1057,1035,1019,987,941,911,911,926,950,972,982,984,964,940,926,934,951,957,951,949,920,898,873,899,889,918,931,949,931,926,920,923,903,872,835,810
15024,Indiana Township,PA,Pittsburgh,Allegheny,1033,1038,1013,989,1005,1012,1023,1014,1036,1043,1082,1098,1091,1088,1099,1103,1080,1083,1109,1129,1104,1066,1037,1036,1053,1078,1099,1123,1147,1164,1155,1143,1153,1178,1208,1213,1202,1182,1182,1180,1174,1159,1151,1169,1184,1197,1173,1168,1157,1170,1177,1192,1196,1201,1195,1193,1185
16226,Ford City,PA,Pittsburgh,Armstrong,971,924,917,938,961,974,961,946,945,959,985,1027,1027,1044,1034,1026,1016,1001,978,962,954,955,949,937,926,938,942,936,930,929,933,939,943,945,944,937,930,944,958,958,965,985,1023,1049,1064,1057,1044,1029,1013,1025,1038,1046,1043,1035,1037,1040,1036
15042,New Sewickley Township,PA,Pittsburgh,Beaver,997,1020,1027,1029,1018,1003,995,979,968,991,1030,1056,1071,1100,1153,1212,1222,1220,1203,1195,1183,1179,1161,1156,1169,1183,1158,1085,1057,1074,1137,1161,1177,1191,1197,1204,1217,1233,1250,1278,1281,1261,1230,1221,1214,1224,1200,1174,1131,1054,1009,1004,1035,1058,1050,1045,1045
15332,Gastonville,PA,Pittsburgh,Washington,1099,1105,1078,1071,1060,1007,977,968,1029,1046,1099,1127,1146,1145,1145,1136,1128,1214,1305,1346,1292,1238,1224,1227,1210,1200,1232,1253,1279,1298,1327,1376,1387,1356,1301,1248,1248,1258,1268,1281,1308,1314,1284,1266,1255,1295,1336,1384,1365,1384,1386,1389,1374,1326,1279,1227,1246
15062,Monessen,PA,Pittsburgh,Westmoreland,893,881,884,869,855,807,782,755,777,817,813,801,772,793,818,828,840,840,852,839,812,771,745,797,785,756,685,689,735,841,819,810,748,761,726,712,754,824,847,839,792,761,813,848,909,894,961,929,901,840,861,865,864,826,803,810,814
15145,Turtle Creek,PA,Pittsburgh,Allegheny,879,877,859,797,761,740,745,744,757,756,754,738,724,725,732,746,745,740,727,736,742,767,785,806,806,804,805,816,826,832,834,829,819,803,794,791,780,779,786,808,829,845,853,850,842,836,831,832,822,824,824,831,831,830,828,825,825
15204,Pittsburgh,PA,Pittsburgh,Allegheny,1059,1027,968,875,817,783,784,783,803,787,771,741,716,727,739,755,760,780,788,792,777,786,808,832,820,827,840,862,875,881,872,864,842,830,819,820,798,799,813,838,865,873,876,876,884,900,906,910,883,881,886,897,897,886,877,876,884
15223,Shaler Township,PA,Pittsburgh,Allegheny,972,972,948,906,891,865,855,831,852,844,871,871,872,878,885,897,890,887,886,913,933,964,966,969,958,949,949,957,965,983,993,997,976,975,984,1006,1014,1022,1033,1043,1066,1089,1110,1114,1105,1094,1070,1059,1038,1045,1062,1081,1082,1072,1059,1052,1052
16063,Zelienople,PA,Pittsburgh,Butler,875,890,896,903,946,981,1014,1014,1008,1004,992,1001,1049,1155,1281,1358,1406,1367,1342,1291,1312,1318,1297,1304,1347,1404,1396,1361,1333,1330,1367,1380,1381,1379,1385,1359,1351,1309,1316,1300,1325,1423,1466,1529,1506,1584,1650,1698,1667,1580,1502,1531,1506,1477,1451,1470,1525
15085,Penn Township,PA,Pittsburgh,Westmoreland,895,907,944,963,980,958,943,926,927,930,922,918,934,948,987,999,1005,987,988,990,977,915,876,904,912,869,804,794,819,900,882,881,828,889,864,890,907,967,944,918,880,875,943,946,1034,1010,1087,1032,1023,983,1007,1020,1020,984,953,969,950
16059,Middlesex Township,PA,Pittsburgh,Butler,982,940,935,972,1062,1072,1096,1053,1073,1065,1073,1069,1058,1098,1156,1228,1311,1352,1415,1434,1491,1474,1454,1472,1503,1565,1555,1548,1561,1539,1561,1534,1567,1565,1572,1530,1618,1649,1683,1571,1569,1643,1654,1703,1669,1785,1864,1964,1929,1913,1917,2022,1931,1921,1891,1991,2009
16055,Buffalo Township,PA,Pittsburgh,Butler,954,892,874,946,1041,1066,1081,1033,1034,1027,1040,1050,1012,1035,1085,1162,1255,1303,1369,1393,1432,1410,1380,1406,1408,1452,1430,1434,1474,1470,1489,1450,1455,1434,1440,1386,1501,1542,1608,1460,1415,1438,1453,1532,1554,1661,1734,1816,1796,1816,1807,1885,1784,1776,1741,1811,1829
15139,Oakmont,PA,Pittsburgh,Allegheny,1054,1081,1092,1095,1100,1090,1083,1097,1123,1144,1167,1157,1150,1144,1161,1175,1168,1198,1247,1265,1241,1217,1221,1246,1267,1258,1242,1243,1293,1321,1314,1254,1234,1249,1281,1301,1312,1296,1295,1298,1283,1265,1259,1295,1322,1339,1297,1277,1286,1319,1333,1333,1318,1307,1297,1312,1325
15126,North Fayette Township,PA,Pittsburgh,Allegheny,1244,1264,1262,1268,1244,1239,1211,1222,1212,1218,1235,1248,1248,1246,1251,1251,1234,1214,1209,1228,1251,1286,1293,1293,1289,1290,1304,1320,1379,1429,1471,1449,1440,1424,1435,1449,1469,1462,1446,1432,1418,1408,1413,1425,1427,1405,1381,1362,1365,1365,1373,1373,1370,1357,1345,1329,1325
15133,Port Vue,PA,Pittsburgh,Allegheny,843,849,839,790,750,718,721,728,756,768,773,761,742,736,733,739,746,755,749,745,738,752,766,786,785,786,789,802,809,806,796,788,783,774,771,777,779,780,779,787,802,826,843,850,843,827,815,806,796,796,808,827,834,833,828,828,821
15222,Pittsburgh,PA,Pittsburgh,Allegheny,1353,1301,1263,1233,1236,1240,1257,1273,1266,1296,1311,1322,1323,1406,1488,1553,1562,1599,1613,1625,1626,1666,1693,1703,1659,1642,1662,1700,1731,1735,1741,1746,1761,1802,1830,1881,1921,1951,1954,1951,1977,1976,1957,1927,1936,1959,1941,1922,1900,1916,1904,1892,1880,1895,1941,1993,2027
15478,Georges Township,PA,Pittsburgh,Fayette,955,950,952,986,1016,1028,1006,972,955,960,983,1001,1025,1043,1061,1067,1066,1075,1089,1110,1107,1092,1074,1067,1065,1064,1058,1043,1030,1025,1034,1052,1071,1077,1074,1065,1058,1056,1053,1049,1053,1061,1069,1077,1089,1095,1101,1108,1112,1113,1116,1110,1108,1097,1099,1093,1090
15110,Duquesne,PA,Pittsburgh,Allegheny,860,850,825,751,702,674,688,704,727,751,756,737,690,673,671,681,681,676,662,664,663,662,665,685,699,721,743,771,789,782,769,753,749,738,736,741,735,737,739,757,778,805,816,818,808,796,793,790,777,773,769,776,777,784,783,777,767
16033,Forward Township,PA,Pittsburgh,Butler,969,971,979,1010,1052,1043,1050,1008,1005,985,978,980,1005,1076,1152,1178,1179,1171,1212,1259,1301,1300,1262,1276,1323,1400,1407,1390,1392,1369,1387,1351,1357,1350,1365,1344,1410,1382,1404,1315,1357,1437,1465,1502,1485,1572,1642,1685,1608,1524,1452,1560,1525,1538,1491,1528,1542
15033,Donora,PA,Pittsburgh,Washington,820,804,806,811,810,784,734,693,692,736,772,763,747,733,748,735,733,750,885,966,896,806,761,817,788,776,726,755,772,860,852,814,791,824,825,823,834,855,855,798,764,684,639,629,697,700,707,654,669,680,708,738,752,741,691,691,714
15342,McGovern,PA,Pittsburgh,Washington,1127,1133,1106,1086,1067,1009,1000,999,1082,1090,1144,1141,1149,1133,1138,1137,1130,1205,1284,1301,1189,1127,1140,1203,1191,1179,1217,1239,1252,1261,1292,1320,1338,1295,1241,1170,1174,1231,1229,1248,1274,1303,1243,1272,1281,1365,1375,1405,1383,1367,1369,1367,1373,1329,1302,1239,1270
16025,Donegal Township,PA,Pittsburgh,Butler,1105,1056,1039,1050,1057,1068,1036,1017,983,989,1023,1040,1071,1100,1165,1162,1157,1163,1183,1232,1243,1242,1225,1241,1304,1348,1360,1322,1287,1267,1255,1242,1220,1180,1179,1164,1142,1100,1061,1121,1163,1169,1158,1151,1186,1267,1259,1248,1131,1160,1150,1135,1143,1158,1209,1200,1215
15330,Nottingham Township,PA,Pittsburgh,Washington,1261,1300,1297,1292,1281,1209,1162,1130,1186,1177,1214,1248,1302,1344,1370,1462,1521,1677,1699,1658,1580,1574,1595,1562,1502,1466,1505,1467,1460,1493,1595,1718,1744,1687,1695,1597,1607,1578,1585,1594,1605,1571,1569,1615,1657,1689,1659,1802,1833,1868,1836,1819,1816,1769,1733,1668,1670
16229,South Buffalo Township,PA,Pittsburgh,Armstrong,920,924,930,936,939,939,937,936,944,980,1011,1037,1042,1050,1060,1071,1078,1082,1084,1087,1091,1094,1092,1092,1096,1104,1114,1125,1132,1135,1128,1121,1111,1117,1123,1128,1125,1118,1110,1107,1112,1129,1152,1164,1173,1166,1149,1138,1141,1156,1166,1170,1170,1170,1177,1189,1201
16056,Clinton,PA,Pittsburgh,Butler,968,942,942,987,1030,1028,1030,983,978,974,994,1009,1013,1080,1155,1213,1258,1279,1333,1349,1380,1360,1331,1343,1352,1420,1423,1419,1425,1413,1442,1410,1419,1406,1426,1377,1459,1419,1426,1307,1323,1368,1387,1454,1470,1577,1619,1696,1654,1643,1621,1718,1683,1707,1674,1742,1762
15135,Elizabeth Township,PA,Pittsburgh,Allegheny,909,917,901,869,867,852,848,842,868,872,870,834,839,843,862,866,871,894,919,935,931,931,934,945,941,933,931,940,940,938,925,906,883,880,890,918,937,954,964,975,974,977,982,994,1005,1031,1034,1042,1024,1014,1015,1035,1048,1053,1055,1068,1077
15045,Glassport,PA,Pittsburgh,Allegheny,879,868,842,773,728,695,707,717,744,763,768,760,727,723,725,740,747,753,737,729,719,726,736,746,743,753,769,790,797,795,787,782,777,769,767,772,766,770,770,780,795,817,832,836,825,807,796,791,774,769,773,786,793,791,783,776,772
15431,Dunbar Township,PA,Pittsburgh,Fayette,916,919,926,947,959,962,946,915,898,886,908,930,954,970,982,987,979,976,978,1001,1012,1006,984,969,964,960,953,941,940,949,965,978,982,973,964,955,945,940,938,939,940,944,953,964,985,990,1004,1012,1018,1013,1011,1005,1009,1004,1001,986,970
16242,Mahoning Township,PA,Pittsburgh,Armstrong,,,,,,,,,973,1000,1028,1056,1056,1057,1057,1055,1053,1048,1032,1011,1007,1009,1009,1008,1007,1009,1008,1007,1004,996,979,954,953,961,969,975,977,977,982,988,1004,1025,1051,1078,1114,1097,1056,1017,1013,1006,999,993,980,968,964,975,988
15461,Masontown,PA,Pittsburgh,Fayette,882,879,881,890,908,912,894,866,855,853,868,876,890,910,935,951,954,969,994,1024,1027,1016,1000,993,985,980,970,961,956,961,973,985,987,975,967,963,960,957,948,942,938,935,931,933,950,959,973,982,989,986,986,984,982,969,959,946,939
15144,Springdale Township,PA,Pittsburgh,Allegheny,931,935,898,855,849,837,830,817,838,841,848,820,799,809,846,872,870,872,886,898,898,903,902,912,917,912,909,915,920,926,921,916,904,918,929,948,954,963,980,998,1020,1036,1038,1035,1026,1037,1031,1040,1032,1022,1013,1008,998,993,998,1015,1026
15059,Midland,PA,Pittsburgh,Beaver,911,911,913,914,901,878,848,814,804,811,829,846,864,897,929,958,964,966,964,988,996,995,976,963,946,929,906,877,882,919,989,1027,1025,1001,1006,1028,1035,1034,1024,1010,980,936,896,879,898,900,896,868,847,829,828,841,872,898,891,865,839
16037,Lancaster Township,PA,Pittsburgh,Butler,960,945,959,994,1041,1040,1048,1026,1025,1036,1066,1082,1093,1134,1247,1349,1451,1450,1466,1458,1500,1500,1472,1492,1530,1571,1553,1530,1539,1545,1583,1595,1607,1587,1573,1528,1577,1596,1626,1541,1493,1526,1528,1582,1570,1668,1737,1802,1761,1740,1667,1716,1683,1726,1739,1770,1795
16023,Winfield Township,PA,Pittsburgh,Butler,1060,998,996,1002,1032,1036,1039,1006,984,977,1024,1038,1064,1089,1161,1168,1197,1211,1248,1285,1302,1299,1292,1333,1404,1473,1477,1436,1412,1387,1381,1344,1322,1294,1323,1292,1286,1251,1245,1259,1273,1251,1234,1300,1367,1457,1418,1424,1311,1349,1318,1381,1375,1455,1484,1482,1475
15473,Perryopolis,PA,Pittsburgh,Fayette,954,958,965,985,994,989,969,946,941,944,964,981,1003,1026,1043,1047,1038,1039,1046,1071,1085,1084,1077,1073,1064,1045,1025,1015,1021,1038,1056,1066,1072,1066,1059,1048,1043,1044,1045,1045,1047,1053,1061,1067,1074,1072,1079,1090,1101,1108,1120,1124,1134,1130,1130,1123,1115
15112,East Pittsburgh,PA,Pittsburgh,Allegheny,862,857,839,778,743,721,728,734,751,756,754,738,718,719,722,735,734,732,721,725,728,745,762,778,775,775,783,800,810,810,805,801,795,782,776,778,771,770,773,791,812,834,845,843,835,824,819,819,813,817,818,825,823,821,818,813,807
16053,Forward Township,PA,Pittsburgh,Butler,1008,986,1004,1019,1040,1046,1073,1049,1020,1010,1033,1039,1065,1121,1205,1247,1273,1276,1303,1326,1359,1378,1362,1401,1473,1548,1545,1496,1470,1432,1434,1407,1403,1427,1455,1426,1509,1435,1416,1291,1330,1392,1410,1452,1455,1521,1529,1556,1404,1421,1395,1590,1590,1619,1602,1642,1692
15233,Pittsburgh,PA,Pittsburgh,Allegheny,1168,1138,1074,973,916,865,872,879,916,881,868,834,817,821,828,836,829,839,847,872,908,957,986,1004,986,1001,1029,1074,1099,1122,1103,1081,1026,1008,1009,1039,1044,1058,1072,1093,1121,1137,1143,1145,1145,1162,1160,1159,1116,1113,1125,1145,1157,1160,1165,1162,1156
15610,Bullskin Township,PA,Pittsburgh,Fayette,1037,1029,1036,1083,1101,1093,1076,1059,1059,1061,1069,1062,1066,1075,1100,1091,1078,1064,1064,1059,1047,1020,1012,1030,1027,1010,982,967,982,1022,1020,1015,975,984,967,980,1002,1031,1016,999,985,1001,1049,1089,1147,1151,1172,1149,1144,1136,1159,1164,1171,1142,1122,1114,1119
15140,Pitcairn,PA,Pittsburgh,Allegheny,896,886,863,787,744,720,731,736,746,743,736,719,700,702,711,728,731,730,717,723,732,756,775,791,787,787,791,807,815,819,818,817,809,801,797,800,784,784,792,818,841,856,860,851,839,825,819,819,811,812,807,813,812,811,806,801,797
15026,Hanover Township,PA,Pittsburgh,Beaver,1129,1144,1127,1092,1057,1018,1003,994,975,970,997,1049,1084,1104,1139,1173,1214,1259,1293,1294,1289,1299,1301,1287,1273,1259,1258,1258,1291,1326,1372,1400,1405,1386,1379,1391,1403,1403,1389,1381,1375,1356,1332,1327,1341,1367,1361,1326,1273,1269,1280,1303,1277,1262,1229,1214,1220
15014,Brackenridge,PA,Pittsburgh,Allegheny,883,890,869,831,818,809,804,791,791,768,764,744,749,761,796,820,814,815,817,832,815,813,803,819,834,840,838,842,850,862,867,874,904,961,995,1000,976,968,967,971,975,972,968,957,942,923,905,906,902,883,867,868,874,870,869,867,864
15052,Ohioville,PA,Pittsburgh,Beaver,968,977,985,994,975,935,890,855,841,847,858,884,913,963,1002,1039,1048,1081,1108,1135,1128,1115,1103,1080,1070,1054,1038,999,994,1014,1069,1103,1112,1107,1114,1131,1137,1136,1125,1123,1108,1086,1066,1059,1069,1077,1074,1056,1032,990,973,974,1008,1017,995,961,954
16115,Darlington Township,PA,Pittsburgh,Beaver,980,986,983,998,984,946,893,852,838,842,854,887,920,969,1000,1030,1035,1064,1090,1119,1121,1120,1113,1097,1095,1081,1067,1014,1005,1019,1085,1118,1132,1124,1139,1159,1169,1176,1176,1177,1161,1143,1126,1128,1123,1126,1109,1075,1029,981,969,986,1021,1033,1001,960,950
15445,Hopwood,PA,Pittsburgh,Fayette,968,963,960,984,1002,1005,984,962,954,955,972,987,1014,1037,1060,1067,1073,1088,1111,1126,1129,1125,1120,1115,1104,1096,1084,1076,1073,1075,1078,1087,1098,1107,1107,1103,1099,1103,1107,1105,1105,1111,1118,1123,1125,1128,1127,1131,1129,1129,1132,1127,1123,1109,1109,1108,1110
16051,Muddy Creek,PA,Pittsburgh,Butler,1174,1191,1205,1216,1214,1181,1131,1079,1059,1069,1094,1106,1134,1157,1204,1220,1222,1218,1245,1283,1302,1291,1247,1234,1263,1291,1292,1275,1270,1272,1279,1271,1260,1253,1254,1244,1243,1230,1239,1254,1276,1326,1334,1353,1349,1403,1434,1454,1423,1378,1317,1305,1305,1303,1325,1331,1355
15148,Wilmerding,PA,Pittsburgh,Allegheny,892,885,861,779,735,708,721,724,736,727,715,693,678,678,681,693,693,697,689,700,705,722,739,754,750,754,765,790,806,807,801,791,782,771,769,775,763,761,764,787,808,827,831,828,821,817,817,818,803,801,798,806,802,797,789,783,780
15424,Henry Clay Township,PA,Pittsburgh,Fayette,920,906,910,931,933,929,944,938,933,906,914,932,957,978,991,990,989,992,995,1008,1005,995,978,969,966,971,964,957,956,960,958,969,981,988,984,972,959,957,959,963,978,992,993,992,1003,1022,1042,1054,1049,1047,1043,1039,1035,1029,1024,1015,1008
15436,Fairchance,PA,Pittsburgh,Fayette,909,904,908,934,952,960,938,910,894,889,910,928,947,961,976,983,985,999,1022,1045,1043,1030,1019,1014,1010,1006,996,980,971,969,979,998,1014,1011,997,983,972,970,966,963,967,969,971,977,994,999,1011,1021,1031,1037,1043,1040,1039,1029,1025,1010,1003
16262,West Franklin Township,PA,Pittsburgh,Armstrong,973,943,938,965,987,1005,1001,993,982,1000,1050,1113,1123,1107,1076,1050,1031,1011,1002,1006,1025,1041,1038,1021,1011,1034,1051,1057,1054,1056,1051,1049,1047,1048,1046,1041,1035,1047,1061,1069,1088,1109,1135,1149,1152,1142,1113,1089,1080,1112,1139,1148,1145,1141,1148,1154,1158
15456,North Union Township,PA,Pittsburgh,Fayette,909,908,913,939,953,960,943,920,904,891,908,926,957,980,1001,1005,1000,999,1004,1017,1023,1018,1007,1000,993,989,976,959,954,960,976,991,999,994,980,967,951,947,946,948,952,959,966,976,994,999,1011,1019,1023,1017,1013,1008,1009,1001,996,982,969
15046,Crescent,PA,Pittsburgh,Allegheny,1136,1114,1074,1040,1043,1052,1077,1066,1054,1057,1108,1143,1126,1130,1172,1190,1167,1131,1135,1180,1197,1183,1129,1105,1108,1148,1173,1202,1224,1250,1242,1226,1229,1258,1300,1323,1313,1300,1272,1257,1251,1257,1256,1251,1250,1248,1224,1204,1182,1185,1199,1214,1230,1235,1228,1221,1220
15618,Avonmore,PA,Pittsburgh,Westmoreland,909,909,935,945,967,958,955,931,918,927,922,928,920,936,966,980,987,971,951,946,943,933,918,929,911,853,803,802,847,892,876,859,829,838,804,780,798,854,877,877,836,847,915,946,1003,968,1020,1022,1048,1034,1005,979,948,916,887,900,886
15050,Greene Township,PA,Pittsburgh,Beaver,1071,1071,1063,1045,1026,991,952,915,888,891,922,982,1019,1054,1080,1110,1135,1180,1229,1260,1266,1263,1253,1228,1211,1195,1178,1166,1187,1218,1257,1285,1292,1283,1283,1297,1309,1309,1312,1309,1309,1289,1278,1279,1293,1299,1290,1252,1201,1194,1202,1217,1195,1177,1140,1108,1104
15035,East Mc Keesport,PA,Pittsburgh,Allegheny,857,858,845,789,750,729,737,741,754,752,745,726,713,714,717,729,735,740,737,745,752,776,799,824,825,821,817,824,831,834,831,823,811,792,783,781,777,777,783,801,821,839,848,846,843,839,838,838,830,833,841,855,858,851,842,841,841
16052,Prospect,PA,Pittsburgh,Butler,1053,1027,1039,1078,1117,1114,1094,1042,1013,1015,1020,1015,1049,1114,1210,1236,1244,1241,1282,1323,1363,1379,1359,1382,1482,1581,1593,1524,1498,1476,1497,1473,1459,1445,1432,1391,1339,1297,1303,1346,1379,1466,1462,1521,1485,1585,1649,1706,1670,1607,1519,1529,1531,1522,1534,1546,1630
15027,Conway,PA,Pittsburgh,Beaver,931,942,942,931,909,883,872,859,853,859,874,881,896,948,1011,1064,1069,1072,1074,1069,1066,1055,1042,1020,996,974,951,917,908,923,950,971,980,991,1009,1047,1073,1081,1062,1051,1040,1025,1013,1013,1020,1022,1002,979,947,900,883,889,930,955,948,934,917
15458,German Township,PA,Pittsburgh,Fayette,911,910,915,946,966,979,953,920,904,903,933,952,968,977,988,992,983,978,983,1008,1010,998,969,959,961,964,959,943,940,946,967,984,993,982,970,959,953,952,948,942,943,945,950,954,972,979,994,1000,1002,996,995,989,988,979,977,963,951
15142,Collier Township,PA,Pittsburgh,Allegheny,1718,1941,2105,2351,2377,2356,2329,2327,2398,2368,2370,2316,2401,2315,2312,2260,2298,2511,2677,2796,2807,2830,2902,2950,3086,3080,3017,2937,2915,2920,2955,2986,3015,2959,2925,2940,3083,3053,3011,2927,2916,2872,2844,2836,2863,2899,2933,2996,3049,3055,3106,3197,3268,3201,3137,3094,3062
15486,Franklin Township,PA,Pittsburgh,Fayette,986,995,992,1016,1031,1029,1014,992,992,1006,1030,1055,1075,1095,1106,1106,1098,1110,1122,1147,1148,1133,1119,1110,1110,1103,1101,1096,1100,1106,1112,1114,1118,1108,1100,1084,1071,1061,1061,1061,1067,1075,1087,1100,1113,1115,1124,1133,1139,1143,1153,1149,1148,1139,1135,1127,1119
15438,Washington Township,PA,Pittsburgh,Fayette,915,920,928,935,938,932,915,883,871,874,905,919,929,933,941,942,933,931,934,966,979,971,940,928,927,928,925,923,930,944,961,968,968,953,946,943,938,937,931,930,930,937,947,956,974,974,987,995,1001,998,999,999,1006,1000,991,976,961
16222,Wayne Township,PA,Pittsburgh,Armstrong,1068,1083,1097,1112,1118,1114,1135,1140,1139,1168,1235,1317,1342,1338,1328,1319,1302,1284,1247,1215,1192,1177,1141,1100,1072,1063,1053,1044,1027,1024,1012,1017,1025,1047,1046,1033,1026,1029,1047,1066,1101,1133,1158,1168,1177,1184,1164,1149,1149,1170,1185,1194,1205,1214,1238,1264,1285
15468,Redstone,PA,Pittsburgh,Fayette,861,868,875,876,879,876,866,842,830,827,843,855,868,878,885,888,880,890,902,936,945,942,921,911,908,907,903,901,902,904,911,913,913,903,896,892,891,893,893,897,900,900,898,894,905,907,923,927,927,909,902,898,901,893,889,876,868
15442,Redstone,PA,Pittsburgh,Fayette,870,882,892,897,896,883,866,833,829,831,857,870,883,885,885,882,874,881,888,929,940,936,906,896,895,893,891,891,896,903,915,921,919,905,894,890,887,890,888,892,898,908,915,913,921,917,934,940,944,930,926,923,923,912,902,887,873
15474,Point Marion,PA,Pittsburgh,Fayette,870,874,881,884,891,885,867,837,824,829,850,868,874,881,883,891,890,908,930,965,967,949,930,925,930,933,934,934,938,946,959,974,986,979,970,957,947,942,935,933,933,933,932,933,948,949,965,974,987,986,991,989,990,977,968,950,940
15437,Wharton Township,PA,Pittsburgh,Fayette,1018,1025,1008,1043,1067,1087,1069,1045,1047,1067,1091,1099,1109,1118,1137,1144,1155,1174,1193,1207,1198,1187,1171,1167,1171,1175,1181,1176,1173,1168,1168,1172,1178,1185,1188,1191,1189,1181,1181,1174,1172,1169,1176,1184,1190,1193,1192,1195,1200,1205,1212,1200,1186,1172,1177,1185,1192
15034,Dravosburg,PA,Pittsburgh,Allegheny,853,858,851,809,777,748,742,742,765,789,800,790,762,754,751,759,763,772,766,769,763,774,785,803,810,812,813,821,827,825,820,813,808,793,786,787,789,789,789,798,811,830,847,853,847,831,821,815,811,813,823,840,847,846,845,845,840
16123,Franklin Township,PA,Pittsburgh,Beaver,1034,1054,1050,1049,1050,1050,1056,1041,1029,1066,1119,1171,1192,1210,1228,1226,1202,1186,1191,1200,1203,1212,1192,1183,1190,1210,1220,1214,1213,1213,1207,1197,1180,1186,1181,1192,1208,1231,1252,1262,1260,1247,1242,1240,1248,1262,1242,1193,1138,1069,1038,1053,1089,1128,1134,1148,1160
15469,Springfield Township,PA,Pittsburgh,Fayette,950,960,967,991,998,995,978,957,947,946,968,997,1028,1050,1062,1062,1054,1050,1053,1069,1081,1081,1081,1081,1088,1088,1083,1073,1073,1085,1101,1109,1113,1100,1085,1062,1042,1028,1023,1023,1027,1036,1044,1057,1070,1074,1075,1077,1076,1071,1074,1073,1083,1081,1081,1068,1055
16249,Cowanshannock Township,PA,Pittsburgh,Armstrong,929,938,949,974,993,1001,1006,996,999,1015,1067,1129,1146,1121,1080,1051,1035,1018,999,988,979,972,954,932,930,941,952,958,953,957,955,963,971,984,985,979,984,995,1019,1032,1055,1083,1113,1133,1142,1140,1119,1099,1094,1110,1130,1137,1132,1125,1126,1132,1134
16028,Bradys Bend Township,PA,Pittsburgh,Armstrong,,,,,,,,,878,885,894,902,910,918,922,926,923,918,905,894,896,904,914,923,931,939,944,947,944,939,925,914,917,933,948,959,957,955,962,971,994,1027,1064,1091,1113,1100,1073,1053,1050,1045,1038,1032,1023,1009,1003,1003,1003
16259,Madison Township,PA,Pittsburgh,Armstrong,939,943,944,967,990,1005,994,980,973,981,1033,1096,1122,1098,1064,1040,1022,1004,989,975,964,951,928,906,901,913,924,926,920,921,922,926,930,940,937,929,928,946,970,978,993,1017,1054,1077,1090,1092,1069,1041,1017,1017,1026,1029,1020,1000,991,990,990
15428,Lower Tyrone Township,PA,Pittsburgh,Fayette,920,932,945,964,967,960,942,919,907,899,916,941,967,983,991,995,991,993,999,1025,1041,1042,1035,1025,1017,999,983,969,973,985,1002,1011,1014,999,984,968,957,954,952,954,954,960,966,974,989,988,1000,1008,1022,1025,1033,1031,1039,1035,1032,1017,1001
15480,Menallen Township,PA,Pittsburgh,Fayette,942,941,952,984,1000,1001,977,946,932,925,941,961,993,1026,1044,1046,1038,1051,1067,1093,1094,1088,1080,1076,1069,1051,1031,1013,1015,1019,1031,1039,1047,1044,1036,1023,1010,1004,1003,1003,1004,1006,1016,1029,1052,1058,1066,1072,1081,1086,1093,1091,1097,1090,1089,1081,1071
15055,Cecil Township,PA,Pittsburgh,Washington,1309,1354,1358,1337,1319,1249,1251,1228,1274,1233,1259,1285,1332,1375,1403,1493,1522,1730,1785,1794,1682,1659,1694,1658,1603,1546,1609,1533,1494,1410,1490,1614,1734,1741,1684,1582,1569,1632,1603,1613,1612,1652,1625,1634,1604,1590,1615,1765,1826,1763,1721,1749,1820,1750,1667,1564,1572
15321,Cecil,PA,Pittsburgh,Washington,1259,1262,1234,1223,1197,1155,1137,1132,1166,1147,1189,1226,1246,1267,1283,1374,1421,1555,1534,1477,1433,1452,1512,1468,1412,1371,1424,1388,1385,1342,1394,1461,1511,1506,1438,1387,1392,1475,1466,1450,1466,1457,1482,1563,1578,1551,1549,1643,1665,1632,1631,1639,1639,1635,1630,1568,1547
15622,Saltlick Township,PA,Pittsburgh,Fayette,1046,1045,1031,1065,1081,1091,1085,1064,1053,1061,1085,1106,1121,1132,1143,1129,1123,1129,1142,1156,1158,1166,1164,1175,1184,1196,1214,1223,1237,1250,1265,1280,1282,1282,1269,1258,1250,1245,1241,1234,1230,1223,1223,1219,1231,1239,1245,1238,1239,1239,1245,1244,1242,1238,1232,1240,1251
15665,Manor,PA,Pittsburgh,Westmoreland,904,905,923,929,942,922,910,873,880,905,903,889,872,883,906,908,921,922,912,892,866,840,807,841,833,812,749,746,777,836,829,825,787,794,770,761,801,846,869,866,830,819,865,897,949,940,995,975,968,925,923,915,891,854,833,854,856
15459,Henry Clay Township,PA,Pittsburgh,Fayette,952,956,958,988,1004,1006,981,959,950,962,986,1006,1034,1056,1084,1095,1093,1096,1103,1109,1102,1088,1080,1078,1079,1082,1083,1080,1078,1074,1080,1090,1105,1107,1096,1079,1060,1048,1035,1026,1034,1056,1078,1091,1101,1107,1111,1119,1123,1120,1116,1104,1100,1090,1093,1093,1092
15340,Mt Pleasant Township,PA,Pittsburgh,Washington,1105,1087,1096,1086,1066,947,915,881,966,961,1048,1077,1106,1090,1120,1113,1114,1230,1345,1407,1252,1162,1150,1195,1196,1176,1134,1121,1135,1182,1190,1210,1283,1263,1229,1155,1134,1249,1247,1287,1279,1300,1260,1318,1354,1445,1442,1480,1451,1422,1471,1501,1557,1514,1499,1416,1420
15056,Leetsdale,PA,Pittsburgh,Allegheny,958,933,898,848,845,835,833,808,805,790,836,884,908,933,962,990,967,945,941,967,941,924,871,853,833,850,865,888,908,921,914,916,952,1027,1052,1047,1020,1032,1038,1034,1047,1068,1081,1069,1055,1057,1056,1048,1013,995,995,1009,1016,1027,1040,1056,1069
15015,Bradfordwoods,PA,Pittsburgh,Allegheny,1600,1680,1742,1824,1847,1845,1835,1832,1839,1995,2093,2186,2154,2117,2096,2069,2085,2139,2237,2309,2320,2264,2246,2245,2269,2217,2162,2128,2123,2160,2161,2155,2152,2133,2135,2117,2183,2230,2299,2342,2379,2369,2366,2359,2373,2326,2287,2256,2309,2342,2354,2357,2330,2288,2240,2219,2229
15030,East Deer Township,PA,Pittsburgh,Allegheny,874,880,862,826,813,808,803,789,786,765,765,754,758,766,793,814,807,795,784,788,776,781,776,791,805,811,812,817,826,839,847,856,886,932,959,959,937,930,931,937,945,950,954,950,935,916,896,896,889,875,861,860,861,858,860,860,855
